id,queue,confidence,expected,observed
P7M5R000,North,,100,103
P7M5R001,South,0.1,107,107
P7M5R002,Central,0.2,114,114
P7M5R003,North,0.3,121,121
P7M5R004,South,0.4,128,128
P7M5R005,Central,0.5,135,138
P7M5R006,North,0.6,142,142
P7M5R007,South,,149,149
P7M5R008,Central,0.8,156,156
P7M5R009,North,0.9,163,163
P7M5R010,South,0.0,170,173
P7M5R011,Central,0.1,177,177
P7M5R012,North,0.2,184,184
P7M5R013,South,0.3,191,191
P7M5R014,Central,,198,198
P7M5R015,North,0.5,205,208
P7M5R016,South,0.6,212,212
P7M5R017,Central,0.7,219,219
P7M5R018,North,0.8,226,226
P7M5R019,South,0.9,233,233
P7M5R020,Central,0.0,240,243
P7M5R021,North,,247,247
P7M5R022,South,0.2,254,254
P7M5R023,Central,0.3,261,261
P7M5R024,North,0.4,268,268
P7M5R025,South,0.5,275,278
P7M5R026,Central,0.6,282,282
P7M5R027,North,0.7,289,289
P7M5R028,South,,296,296
P7M5R029,Central,0.9,303,303
P7M5R030,North,0.0,310,313
P7M5R031,South,0.1,317,317
P7M5R032,Central,0.2,324,324
P7M5R033,North,0.3,331,331
P7M5R034,South,0.4,338,338
P7M5R035,Central,,345,348
P7M5R036,North,0.6,352,352
P7M5R037,South,0.7,359,359
P7M5R038,Central,0.8,366,366
P7M5R039,North,0.9,373,373
P7M5R040,South,0.0,380,383
P7M5R041,Central,0.1,387,387
P7M5R042,North,,394,394
P7M5R043,South,0.3,401,401
P7M5R044,Central,0.4,408,408
P7M5R045,North,0.5,415,418
P7M5R046,South,0.6,422,422
P7M5R047,Central,0.7,429,429
P7M5R048,North,0.8,436,436
P7M5R049,South,,443,443
P7M5R050,Central,0.0,450,453
P7M5R051,North,0.1,457,457
P7M5R052,South,0.2,464,464
P7M5R053,Central,0.3,471,471
P7M5R054,North,0.4,478,478
P7M5R055,South,0.5,485,488
P7M5R056,Central,,492,492
P7M5R057,North,0.7,499,499
P7M5R058,South,0.8,506,506
P7M5R059,Central,0.9,513,513
